K,minRSS,AICminRSSk,purity
1,1367689.2507506276,1367889.2507506276,0.69993060374739768
2,1340194.4178515819,1340594.4178515819,0.69993060374739768
3,1320003.9504905159,1320603.9504905159,0.69993060374739768
4,1303774.2675532401,1304574.2675532401,0.69993060374739768
5,1289167.8450846027,1290167.8450846027,0.69993060374739768
6,1277014.9713099343,1278214.9713099343,0.69993060374739768
7,1267613.2415656743,1269013.2415656743,0.69993060374739768
8,1260491.6072591827,1262091.6072591827,0.69993060374739768
9,1252388.9700465873,1254188.9700465873,0.69993060374739768
10,1250850.5295663178,1252850.5295663178,0.69993060374739768
11,1243371.0011468953,1245571.0011468953,0.69993060374739768
12,1240782.297302329,1243182.297302329,0.69993060374739768
13,1234473.8785991045,1237073.8785991045,0.69993060374739768
14,1230709.1892998652,1233509.1892998652,0.69993060374739768
16,1227950.4753756074,1231150.4753756074,0.71714087439278273
15,1231998.3612856341,1234998.3612856341,0.71880638445523937
17,1222044.2753759483,1225444.2753759483,0.70451075641915339
18,1224245.2909698992,1227845.2909698992,0.69999999999999996
19,1219829.7056065632,1223629.7056065632,0.71797362942401111
20,1222519.2445143422,1226519.2445143422,0.71651630811936151
21,1215768.2197097766,1219968.2197097766,0.71839000693962529
22,1216120.5352831362,1220520.5352831362,0.69999999999999996
23,1212381.9375442627,1216981.9375442627,0.69993060374739768
24,1210337.4733688736,1215137.4733688736,0.71707147814018046
25,1209245.0839692077,1214245.0839692077,0.72928521859819573
26,1206910.8548584478,1212110.8548584478,0.71616932685634971
28,1205183.8519480391,1210783.8519480391,0.71679389312977104
27,1207658.3652144412,1213058.3652144412,0.71561415683553087
29,1204469.893483253,1210269.893483253,0.7002081887578071
30,1199973.7103734235,1205973.7103734235,0.71956974323386536
31,1199362.5219516098,1205562.5219516098,0.71401804302567662
32,1201421.3545980905,1207821.3545980905,0.71547536433032621
33,1194204.1831046136,1200804.1831046136,0.71367106176266482
34,1193736.2230164318,1200536.2230164318,0.71637751561415686
35,1195359.5122954652,1202359.5122954652,0.7208188757807078
36,1190429.4776038162,1197629.4776038162,0.71533657182512145
37,1189748.1201507861,1197148.1201507861,0.71367106176266482
39,1187201.1729577561,1195001.1729577561,0.71422623178348366
38,1188224.9404443684,1195824.9404443684,0.73018736988202637
40,1186821.7069500473,1194821.7069500473,0.71394864677307424
41,1185179.3055464607,1193379.3055464607,0.72984038861901457
42,1185919.581102543,1194319.581102543,0.69999999999999996
43,1185265.1953607053,1193865.1953607053,0.73483691880638446
44,1185282.4341795687,1194082.4341795687,0.71304649548924359
45,1178676.7590923661,1187676.7590923661,0.73039555863983341
46,1182609.7931232159,1191809.7931232159,0.73997224149895902
47,1177750.2169408882,1187150.2169408882,0.71630811936155447
48,1179800.4556362506,1189400.4556362506,0.72276197085357385
49,1176720.9707246558,1186520.9707246558,0.71464260929909784
50,1174023.0119884086,1184023.0119884086,0.71394864677307424
51,1177357.9830351884,1187557.9830351884,0.73594725884802226
52,1176474.6229446123,1186874.6229446123,0.7265093684941013
53,1178228.5430946196,1188828.5430946196,0.72748091603053433
54,1173417.3380885245,1184217.3380885245,0.71457321304649546
55,1171828.1804842753,1182828.1804842753,0.71873698820263709
56,1174022.5223016003,1185222.5223016003,0.72595419847328246
57,1168948.4640307066,1180348.4640307066,0.72526023594725886
58,1168371.1087735912,1179971.1087735912,0.7258154059680777
59,1169735.6472691307,1181535.6472691307,0.71346287300485778
60,1165078.4682375428,1177078.4682375428,0.72789729354614852
61,1169756.5932225967,1181956.5932225967,0.72539902845246351
62,1167974.1088997182,1180374.1088997182,0.70173490631505897
63,1164246.9501415635,1176846.9501415635,0.73025676613462875
64,1162594.0783921673,1175394.0783921673,0.71915336571825117
65,1165326.3923752345,1178326.3923752345,0.72477446217904229
66,1165079.5026893558,1178279.5026893558,0.72123525329632199
67,1163515.787051369,1176915.787051369,0.72054129077029838
68,1162805.8424843007,1176405.8424843007,0.71894517696044413
69,1161263.3138218911,1175063.3138218911,0.73317140874392783
70,1162251.4616175424,1176251.4616175424,0.71485079805690488
71,1162828.7759567774,1177028.7759567774,0.73400416377515609
72,1161679.7117841193,1176079.7117841193,0.71707147814018046
73,1158306.7215812807,1172906.7215812807,0.71734906315058988
74,1158398.5756645468,1173198.5756645468,0.72317834836918804
75,1158367.5743303318,1173367.5743303318,0.7350451075641915
77,1159025.9174461542,1174425.9174461542,0.72692574600971549
76,1159888.7549692108,1175088.7549692108,0.72886884108258154
78,1156627.7268371368,1172227.7268371368,0.71630811936155447
79,1157070.1336762942,1172870.1336762942,0.72657876474670369
80,1155081.2709304921,1171081.2709304921,0.72657876474670369
81,1153327.5505808948,1169527.5505808948,0.72623178348369188
83,1153392.2542107992,1169992.2542107992,0.73337959750173487
82,1151218.7982784996,1167618.7982784996,0.72637057598889665
84,1155482.2463564158,1172282.2463564158,0.72879944482997916
85,1149721.8636093696,1166721.8636093696,0.72498265093684944
86,1152487.1424879686,1169687.1424879686,0.71679389312977104
87,1149111.6290547554,1166511.6290547554,0.73511450381679388
88,1150910.5360588804,1168510.5360588804,0.71457321304649546
89,1148837.4542054117,1166637.4542054117,0.73310201249132545
90,1147039.6763094808,1165039.6763094808,0.73268563497571126
91,1144066.9741326033,1162266.9741326033,0.72900763358778631
92,1147972.9427985265,1166372.9427985265,0.72484385843164467
93,1144394.9472575292,1162994.9472575292,0.71873698820263709
94,1146457.9101074198,1165257.9101074198,0.72942401110340038
95,1142428.94069991,1161428.94069991,0.72990978487161695
96,1144943.4109015118,1164143.4109015118,0.73081193615544759
97,1143658.055905974,1163058.055905974,0.73074253990284521
98,1144039.8254718997,1163639.8254718997,0.72408049965301868
99,1142766.8108889495,1162566.8108889495,0.71748785565579454
100,1143713.0470824139,1163713.0470824139,0.73060374739764056
101,1143951.4250670685,1164151.4250670685,0.74587092297015967
102,1138635.6516100846,1159035.6516100846,0.72921582234559335
103,1142672.3977901416,1163272.3977901416,0.72408049965301868
104,1139175.7326656261,1159975.7326656261,0.73164469118667597
105,1142772.7390679247,1163772.7390679247,0.73934767522553779
106,1138836.3476217631,1160036.3476217631,0.72810548230395555
107,1139170.7424955701,1160570.7424955701,0.73823733518390011
108,1135660.6192425969,1157260.6192425969,0.73199167244968777
110,1136097.1147285989,1158097.1147285989,0.72755031228313671
109,1134837.2420882471,1156637.2420882471,0.72990978487161695
111,1137449.6761326885,1159649.6761326885,0.73268563497571126
113,1135357.3468576514,1157957.3468576514,0.74600971547536432
112,1137551.5662776621,1159951.5662776621,0.73615544760582929
114,1136086.6523094699,1158886.6523094699,0.72748091603053433
116,1134600.0934155751,1157800.0934155751,0.7371963913948647
115,1134484.2710202734,1157484.2710202734,0.72033310201249134
117,1136341.8796429338,1159741.8796429338,0.72734212352532968
118,1135799.2262247629,1159399.2262247629,0.73546148507980569
119,1129998.2730045137,1153798.2730045137,0.74045801526717558
120,1131676.0590912071,1155676.0590912071,0.73671061762664813
121,1133437.4656762851,1157637.4656762851,0.73351839000693964
122,1132144.9813709029,1156544.9813709029,0.73192227619708539
123,1131837.8783951518,1156437.8783951518,0.73920888272033314
124,1132101.4397298666,1156901.4397298666,0.74108258154059681
125,1129413.2931540837,1154413.2931540837,0.72414989590562107
126,1130199.0081418059,1155399.0081418059,0.73157529493407358
127,1132022.0781383102,1157422.0781383102,0.73240804996530184
128,1129029.3315136435,1154629.3315136435,0.7396946564885496
129,1130188.4944864463,1155988.4944864463,0.72852185981956974
130,1124187.1020561513,1150187.1020561513,0.73768216516308116
131,1125675.0090613957,1151875.0090613957,0.74066620402498262
132,1126644.3216118722,1153044.3216118722,0.72893823733518393
133,1126261.4449145913,1152861.4449145913,0.74795281054823037
134,1128173.9948475903,1154973.9948475903,0.72741151977793195
136,1126353.0766030597,1153553.0766030597,0.73344899375433725
135,1128287.8346405718,1155287.8346405718,0.72977099236641219
137,1127994.294131885,1155394.294131885,0.73823733518390011
138,1126872.1096566701,1154472.1096566701,0.72859125607217212
139,1125387.8987294768,1153187.8987294768,0.74295628036086048
140,1124237.3807468088,1152237.3807468088,0.74198473282442745
141,1124662.3824512353,1152862.3824512353,0.73851492019430953
142,1125195.3297596707,1153595.3297596707,0.74330326162387228
143,1121005.804101876,1149605.804101876,0.74052741151977797
144,1122867.9550283025,1151667.9550283025,0.73157529493407358
145,1123245.0800446221,1152245.0800446221,0.7396946564885496
146,1123164.8598798697,1152364.8598798697,0.73497571131158912
147,1122406.2635722337,1151806.2635722337,0.73997224149895902
149,1122701.3918118114,1152501.3918118114,0.72921582234559335
148,1119293.2867483923,1148893.2867483923,0.74836918806384456
150,1120353.2936980831,1150353.2936980831,0.74156835530881338
151,1121102.0245675007,1151302.0245675007,0.74191533657182507
152,1120886.1188141885,1151286.1188141885,0.74649548924358089
154,1114207.3178716886,1145007.3178716886,0.74045801526717558
153,1119742.7207474574,1150342.7207474574,0.73927827897293541
155,1117539.1432183615,1148539.1432183615,0.73678001387925052
156,1122017.3373734069,1153217.3373734069,0.7403886190145732
157,1117911.9197988715,1149311.9197988715,0.73462873004857743
158,1117508.887140017,1149108.887140017,0.74260929909784867
159,1115089.9911005977,1146889.9911005977,0.73948646773074256
161,1116337.9466452303,1148537.9466452303,0.73872310895211657
160,1115545.1103715634,1147545.1103715634,0.73691880638445528
162,1114120.8802274198,1146520.8802274198,0.73997224149895902
163,1112027.8258732681,1144627.8258732681,0.74476058292852187
164,1116357.1337061045,1149157.1337061045,0.74996530187369881
165,1116810.0431249409,1149810.0431249409,0.7329632199861208
167,1113092.3478793239,1146492.3478793239,0.74365024288688408
166,1115412.5475505718,1148612.5475505718,0.74122137404580157
168,1113101.7061035105,1146701.7061035105,0.73900069396252599
169,1110805.8020107381,1144605.8020107381,0.74191533657182507
171,1116991.197209192,1151191.197209192,0.740735600277585
170,1113183.787275221,1147183.787275221,0.73358778625954202
172,1111251.731321085,1145651.731321085,0.74621790423317136
173,1111091.1416056915,1145691.1416056915,0.73740458015267174
174,1111573.2076276236,1146373.2076276236,0.74191533657182507
175,1113324.7720762303,1148324.7720762303,0.73608605135322691
176,1112196.3910120076,1147396.3910120076,0.7471894517696045
177,1112423.0247486094,1147823.0247486094,0.73802914642609296
178,1111961.0979665462,1147561.0979665462,0.73525329632199865
179,1111469.4531780416,1147269.4531780416,0.7329632199861208
180,1110043.4750379568,1146043.4750379568,0.7350451075641915
181,1110774.1898456623,1146974.1898456623,0.74462179042331711
182,1109736.7832051907,1146136.7832051907,0.7421929215822346
183,1109116.226628202,1145716.226628202,0.73254684247050661
184,1110781.8303048625,1147581.8303048625,0.75065926439972241
186,1107162.8555723487,1144362.8555723487,0.74399722414989589
185,1108053.6766614877,1145053.6766614877,0.74031922276197082
188,1110258.0790789905,1147858.0790789905,0.74191533657182507
187,1110256.9500400661,1147656.9500400661,0.73893129770992372
190,1108442.5815643843,1146442.5815643843,0.74330326162387228
189,1107786.418525683,1145586.418525683,0.73865371269951419
192,1107743.2393159398,1146143.2393159398,0.72567661346287304
191,1108578.5911111569,1146778.5911111569,0.75357390700902149
193,1105079.2927648723,1143679.2927648723,0.74503816793893129
194,1106650.0215701372,1145450.0215701372,0.75176960444136021
195,1105413.512655088,1144413.512655088,0.7343511450381679
196,1104421.9952324505,1143621.9952324505,0.74531575294934072
197,1103977.3796312427,1143377.3796312427,0.73539208882720331
198,1101172.3255565355,1140772.3255565355,0.74129077029840384
199,1101744.0811256147,1141544.0811256147,0.73615544760582929
200,1103315.0729631933,1143315.0729631933,0.73990284524635674
201,1107332.4078407099,1147532.4078407099,0.74066620402498262
203,1103494.9013087254,1144094.9013087254,0.74233171408743925
202,1104051.0566888098,1144451.0566888098,0.74087439278278977
204,1101330.7523346497,1142130.7523346497,0.73546148507980569
205,1103380.1716750376,1144380.1716750376,0.73379597501734906
206,1100552.754243579,1141752.754243579,0.74212352532963222
207,1101010.6721095832,1142410.6721095832,0.7400416377515614
209,1103607.6506023461,1145407.6506023461,0.74378903539208885
208,1101394.6796350218,1142994.6796350218,0.74621790423317136
210,1101792.5719438954,1143792.5719438954,0.74649548924358089
211,1101288.0835907958,1143488.0835907958,0.74649548924358089
212,1096998.410583586,1139398.410583586,0.7403886190145732
213,1100557.1951799493,1143157.1951799493,0.74233171408743925
215,1099474.8256921722,1142474.8256921722,0.74600971547536432
214,1101332.305725052,1144132.305725052,0.74649548924358089
216,1099925.6300733397,1143125.6300733397,0.74871616932685636
217,1100166.7633149906,1143566.7633149906,0.74281748785565582
218,1098096.5814763058,1141696.5814763058,0.74517696044413606
219,1097384.4587429133,1141184.4587429133,0.74274809160305344
220,1096273.4595357659,1140273.4595357659,0.75183900069396248
221,1099323.4438540072,1143523.4438540072,0.73740458015267174
222,1098409.7732181882,1142809.7732181882,0.73900069396252599
223,1098786.733832407,1143386.733832407,0.74247050659264402
224,1095033.2377632572,1139833.2377632572,0.74212352532963222
225,1095721.9892020761,1140721.9892020761,0.74788341429562799
226,1096004.4398594298,1141204.4398594298,0.74732824427480915
227,1094961.4763024757,1140361.4763024757,0.7510756419153366
229,1095219.2832037394,1141019.2832037394,0.75031228313671061
228,1092614.1018012196,1138214.1018012196,0.74829979181124218
230,1095526.9145225035,1141526.9145225035,0.7418459403192228
231,1094538.085762748,1140738.085762748,0.74066620402498262
232,1094750.2191896853,1141150.2191896853,0.7453851492019431
234,1094583.1376152362,1141383.1376152362,0.74288688410825821
233,1092761.1392990828,1139361.1392990828,0.75371269951422626
235,1092509.8996740088,1139509.8996740088,0.74781401804302572
236,1093464.6326014851,1140664.6326014851,0.74441360166551007
237,1094632.2405670211,1142032.2405670211,0.74441360166551007
238,1090552.2073779248,1138152.2073779248,0.74122137404580157
240,1093699.7989986232,1141699.7989986232,0.74864677307425398
239,1093685.4107352686,1141485.4107352686,0.75065926439972241
241,1092099.2339506606,1140299.2339506606,0.75593337959750173
242,1093348.6358760402,1141748.6358760402,0.74427480916030531
244,1090513.4260873757,1139313.4260873757,0.74816099930603752
243,1091587.3317531326,1140187.3317531326,0.74739764052741153
245,1092823.9632671112,1141823.9632671112,0.74024982650936855
246,1090495.1431400415,1139695.1431400415,0.73893129770992372
247,1090960.6508851245,1140360.6508851245,0.75621096460791115
248,1090099.9150903104,1139699.9150903104,0.73997224149895902
249,1091021.4112566395,1140821.4112566395,0.7435808466342817
250,1089061.0258529715,1139061.0258529715,0.73997224149895902
251,1091135.5087094761,1141335.5087094761,0.73289382373351841
252,1087874.3975047474,1138274.3975047474,0.73525329632199865
254,1086543.7609328146,1137343.7609328146,0.74746703678001392
253,1088568.0160261928,1139168.0160261928,0.74496877168632891
255,1090836.0120524166,1141836.0120524166,0.75232477446217905
257,1089413.952173888,1140813.952173888,0.74947952810548235
256,1084493.6906965063,1135693.6906965063,0.7581540596807772
258,1088441.8874353792,1140041.8874353792,0.72907702984038858
259,1088508.709819363,1140308.709819363,0.74545454545454548
260,1086234.9403241947,1138234.9403241947,0.74024982650936855
261,1086867.0050790056,1139067.0050790056,0.74122137404580157
262,1087532.3053827197,1139932.3053827197,0.73934767522553779
263,1086547.2956016315,1139147.2956016315,0.74108258154059681
264,1087856.0639509927,1140656.0639509927,0.74156835530881338
265,1085152.8685643997,1138152.8685643997,0.74136016655100623
266,1082849.2020909428,1136049.2020909428,0.74691186675919496
267,1084668.789557812,1138068.789557812,0.75017349063150585
269,1083521.4605823359,1137321.4605823359,0.75801526717557255
268,1084487.4786433505,1138087.4786433505,0.74961832061068701
270,1084010.9095550575,1138010.9095550575,0.74267869535045106
271,1084099.5804433832,1138299.5804433832,0.72928521859819573
272,1083984.4237449048,1138384.4237449048,0.74614850798056909
273,1084679.134943153,1139279.134943153,0.74968771686328939
275,1082836.3807180007,1137836.3807180007,0.74274809160305344
274,1084327.3109711914,1139127.3109711914,0.75100624566273422
276,1085190.5505810268,1140390.5505810268,0.75017349063150585
277,1084944.4346019945,1140344.4346019945,0.74621790423317136
279,1079827.4308340172,1135627.4308340172,0.74954892435808462
278,1084481.497878276,1140081.497878276,0.74427480916030531
280,1082545.2479096358,1138545.2479096358,0.74087439278278977
281,1082073.0131758163,1138273.0131758163,0.74836918806384456
282,1082653.3910237919,1139053.3910237919,0.74399722414989589
283,1083227.4260919215,1139827.4260919215,0.74066620402498262
284,1082771.5132594258,1139571.5132594258,0.74580152671755728
285,1081292.0038860727,1138292.0038860727,0.74781401804302572
286,1082778.3755960006,1139978.3755960006,0.74517696044413606
287,1080771.4459421546,1138171.4459421546,0.75121443442054125
288,1078527.2055300234,1136127.2055300234,0.75274115197779323
289,1078944.357378864,1136744.357378864,0.74031922276197082
290,1077751.7031203718,1135751.7031203718,0.75246356696738381
291,1076933.6693103279,1135133.6693103279,0.75246356696738381
292,1077628.1935240985,1136028.1935240985,0.74691186675919496
294,1078838.7873310817,1137638.7873310817,0.7471894517696045
293,1079289.9957706127,1137889.9957706127,0.74115197779319919
296,1077932.5534567733,1137132.5534567733,0.74462179042331711
295,1079639.0492270093,1138639.0492270093,0.75287994448299789
298,1076579.2382972569,1136179.2382972569,0.74115197779319919
297,1079170.3766144051,1138570.3766144051,0.7425399028452464
300,1077730.4820722677,1137730.4820722677,0.74094378903539204
299,1077589.6670983837,1137389.6670983837,0.75877862595419843
301,1077483.9497555192,1137683.9497555192,0.7400416377515614
302,1075969.6541578979,1136369.6541578979,0.75419847328244272
303,1079142.6796517535,1139742.6796517535,0.75329632199861207
304,1076874.188896247,1137674.188896247,0.73553088133240807
305,1079369.1416681402,1140369.1416681402,0.75350451075641911
306,1074842.099827179,1136042.099827179,0.7510756419153366
307,1077744.001621176,1139144.001621176,0.75031228313671061
308,1075388.9090952019,1136988.9090952019,0.75003469812630119
309,1076000.1118160037,1137800.1118160037,0.75003469812630119
310,1075124.7868286241,1137124.7868286241,0.75440666204024986
311,1075374.4336917051,1137574.4336917051,0.740735600277585
312,1073936.0970099689,1136336.0970099689,0.75176960444136021
313,1072980.193164493,1135580.193164493,0.7603053435114504
314,1072833.577433513,1135633.577433513,0.74843858431644694
315,1071478.5018951509,1134478.5018951509,0.74920194309507282
317,1071233.6801470919,1134633.6801470919,0.7564191533657183
316,1074493.7020964844,1137693.7020964844,0.74781401804302572
319,1072598.9622268844,1136398.9622268844,0.74975711311589177
318,1073291.9204718864,1136891.9204718864,0.75891741845940319
320,1074103.5961423707,1138103.5961423707,0.74274809160305344
321,1072809.4935516322,1137009.4935516322,0.75287994448299789
323,1072815.3451124143,1137415.3451124143,0.75399028452463568
322,1072319.2948725468,1136719.2948725468,0.75551700208188755
324,1071529.3292871725,1136329.3292871725,0.74941013185287997
325,1072415.3138896916,1137415.3138896916,0.75496183206106871
326,1068710.3939364993,1133910.3939364993,0.75246356696738381
327,1071264.1605130248,1136664.1605130248,0.75468424705065928
328,1070206.6986711523,1135806.6986711523,0.75523941707147813
329,1069666.6913033533,1135466.6913033533,0.75572519083969469
330,1068854.7258158291,1134854.7258158291,0.74816099930603752
331,1070977.5956944716,1137177.5956944716,0.7425399028452464
332,1068580.9534670296,1134980.9534670296,0.75170020818875782
333,1071075.643615081,1137675.643615081,0.7510756419153366
334,1068945.7516763939,1135745.7516763939,0.75267175572519085
335,1068236.673920603,1135236.673920603,0.74941013185287997
337,1066944.4039927463,1134344.4039927463,0.75232477446217905
336,1070543.6799442223,1137743.6799442223,0.74788341429562799
338,1069357.5489575516,1136957.5489575516,0.74427480916030531
339,1069076.2776165071,1136876.2776165071,0.74594031922276194
340,1067973.5270379039,1135973.5270379039,0.7564191533657183
341,1068656.5074917406,1136856.5074917406,0.75621096460791115
342,1068520.6334443633,1136920.6334443633,0.75149201943095068
343,1067214.4061155797,1135814.4061155797,0.7560721721027065
344,1065724.8067789758,1134524.8067789758,0.75517002081887574
345,1065347.9086343229,1134347.9086343229,0.75593337959750173
346,1067655.5316438328,1136855.5316438328,0.75822345593337959
348,1062322.1215019089,1131922.1215019089,0.75267175572519085
347,1066540.5255970664,1135940.5255970664,0.75621096460791115
350,1067428.6238567918,1137428.6238567918,0.75176960444136021
349,1063741.6689584611,1133541.6689584611,0.75565579458709231
351,1065531.2217822263,1135731.2217822263,0.75267175572519085
352,1067180.8298321322,1137580.8298321322,0.75079805690492718
353,1066160.5489325675,1136760.5489325675,0.75267175572519085
354,1065520.6887109671,1136320.6887109671,0.7514226231783484
355,1064700.9466895538,1135700.9466895538,0.75350451075641911
356,1064094.2574359807,1135294.2574359807,0.75912560721721023
357,1063537.5160070057,1134937.5160070057,0.75093684941013183
358,1064551.2262057855,1136151.2262057855,0.76238723108952111
360,1066077.2188483404,1138077.2188483404,0.74843858431644694
359,1063097.0553760724,1134897.0553760724,0.76002775850104098
361,1064692.1910996472,1136892.1910996472,0.75343511450381684
362,1062822.2002970844,1135222.2002970844,0.7542678695350451
363,1063701.078870825,1136301.078870825,0.74594031922276194
364,1062261.50495044,1135061.50495044,0.74871616932685636
365,1062519.2373992233,1135519.2373992233,0.75163081193615544
366,1061139.258737792,1134339.258737792,0.74843858431644694
367,1060711.1640468494,1134111.1640468494,0.75447605829285214
368,1062832.1589508399,1136432.1589508399,0.75759888965995836
369,1061482.4661534599,1135282.4661534599,0.75176960444136021
370,1062855.1995785495,1136855.1995785495,0.75301873698820265
371,1061557.2908130637,1135757.2908130637,0.75378209576682864
372,1061076.2567542659,1135476.2567542659,0.75517002081887574
373,1061574.9236621063,1136174.9236621063,0.75052047189451765
374,1060307.0475349305,1135107.0475349305,0.75170020818875782
375,1057953.2087040504,1132953.2087040504,0.75350451075641911
376,1062340.0667544962,1137540.0667544962,0.74920194309507282
378,1059861.4122172913,1135461.4122172913,0.75537820957668289
377,1062170.4004820455,1137570.4004820455,0.75586398334489935
379,1059248.4319129821,1135048.4319129821,0.75454545454545452
380,1060303.8854563904,1136303.8854563904,0.74614850798056909
381,1061354.5384748906,1137554.5384748906,0.7471894517696045
382,1057453.2866337567,1133853.2866337567,0.75759888965995836
383,1059275.2199870453,1135875.2199870453,0.74559333795975014
384,1062081.9515918773,1138881.9515918773,0.7599583622484386
385,1058490.6550681992,1135490.6550681992,0.75503122831367109
386,1060145.6116045148,1137345.6116045148,0.75600277585010411
387,1055245.7519438467,1132645.7519438467,0.75981956974323384
389,1058360.2999058634,1136160.2999058634,0.75794587092297017
388,1057331.6155967603,1134931.6155967603,0.75940319222761976
390,1055409.7661536208,1133409.7661536208,0.7489243580846634
391,1055234.7000723754,1133434.7000723754,0.75836224843858435
392,1058345.8628621353,1136745.8628621353,0.75253296321998608
393,1058270.3706252782,1136870.3706252782,0.75329632199861207
394,1057585.6061990948,1136385.6061990948,0.76044413601665506
395,1058807.4159485148,1137807.4159485148,0.75739070090215133
396,1058116.4041173235,1137316.4041173235,0.75385149201943091
397,1056530.0383576478,1135930.0383576478,0.75065926439972241
398,1055875.4577521232,1135475.4577521232,0.75093684941013183
399,1055426.6467727832,1135226.6467727832,0.7542678695350451
401,1054848.9288252424,1135048.9288252424,0.76231783483691884
400,1054556.6866574369,1134556.6866574369,0.74788341429562799
403,1054655.9720926504,1135255.9720926504,0.76509368494101315
402,1056146.0763031836,1136546.0763031836,0.75711311589174179
404,1056654.569086646,1137454.569086646,0.75732130464954894
405,1052060.2010039072,1133060.2010039072,0.75898681471200558
407,1054821.3969598347,1136221.3969598347,0.75794587092297017
406,1054823.5375005794,1136023.5375005794,0.75287994448299789
408,1052071.5748074674,1133671.5748074674,0.75315752949340731
409,1054404.6852164671,1136204.6852164671,0.75718251214434418
410,1054479.496078403,1136479.496078403,0.74427480916030531
411,1053978.5671572643,1136178.5671572643,0.75704371963913952
412,1050808.5756737774,1133208.5756737774,0.7578070784177654
413,1050741.3581615174,1133341.3581615174,0.75052047189451765
414,1049839.0751797203,1132639.0751797203,0.75669673837612772
415,1054320.3163058623,1137320.3163058623,0.75697432338653714
416,1053337.3709946026,1136537.3709946026,0.7546148507980569
417,1050866.5636337514,1134266.5636337514,0.75697432338653714
418,1053234.7528372956,1136834.7528372956,0.75912560721721023
419,1051511.7387171909,1135311.7387171909,0.76127689104788343
420,1051424.7400525638,1135424.7400525638,0.76224843858431646
421,1051813.159857925,1136013.159857925,0.75412907702984033
422,1051360.5688257492,1135760.5688257492,0.75301873698820265
423,1051469.8387182904,1136069.8387182904,0.7507286606523248
424,1051711.1889974691,1136511.1889974691,0.75350451075641911
426,1049886.6151145974,1135086.6151145974,0.75496183206106871
425,1050845.4163314246,1135845.4163314246,0.74954892435808462
427,1050244.2792062967,1135644.2792062967,0.75947258848022203
428,1048321.4868681062,1133921.4868681063,0.7539208882720333
429,1049773.55844396,1135573.55844396,0.75468424705065928
430,1049722.0842365017,1135722.0842365017,0.75510062456627347
431,1047669.5240532268,1133869.5240532267,0.75475364330326167
432,1048731.4921091837,1135131.4921091837,0.74753643303261619
433,1050174.2376363087,1136774.2376363087,0.75954198473282442
434,1048039.5633511656,1134839.5633511655,0.75503122831367109
436,1047406.8052466023,1134606.8052466023,0.75794587092297017
435,1045810.0499383394,1132810.0499383393,0.75690492713393476
438,1049167.4667594286,1136767.4667594286,0.75988896599583622
437,1050062.619768572,1137462.619768572,0.75947258848022203
440,1046723.9738714164,1134723.9738714164,0.76058292852185982
439,1046711.4674837461,1134511.4674837461,0.75704371963913952
441,1047172.3939869015,1135372.3939869015,0.75586398334489935
442,1047954.4010346916,1136354.4010346916,0.75301873698820265
443,1046119.588342571,1134719.5883425712,0.76037473976405279
444,1047228.4144032069,1136028.4144032069,0.76169326856349762
445,1047865.9945033973,1136865.9945033973,0.75857043719639139
446,1047031.6806858832,1136231.6806858832,0.75898681471200558
447,1045320.2338721959,1134720.2338721959,0.76370575988896594
448,1045683.7499603198,1135283.7499603198,0.75933379597501738
449,1047110.632196528,1136910.6321965279,0.75919500346981261
450,1046950.9452102958,1136950.9452102957,0.76106870229007628
451,1046205.4783452222,1136405.4783452223,0.76086051353226924
452,1046930.7156985047,1137330.7156985048,0.75975017349063145
453,1047145.2277172143,1137745.2277172143,0.75329632199861207
454,1045080.2883647518,1135880.2883647517,0.76106870229007628
455,1045650.2498597412,1136650.2498597412,0.76419153365718251
456,1047122.4067150044,1138322.4067150042,0.7542678695350451
457,1043944.2533628795,1135344.2533628796,0.7507286606523248
459,1043835.1028147871,1135635.1028147871,0.75690492713393476
458,1045821.7619792625,1137421.7619792623,0.75454545454545452
460,1043410.5285035552,1135410.5285035553,0.76509368494101315
461,1045053.7755076481,1137253.775507648,0.75933379597501738
462,1044703.2236638538,1137103.2236638539,0.74989590562109643
463,1044825.4968425013,1137425.4968425012,0.75489243580846632
465,1042274.7038906362,1135274.7038906361,0.75773768216516313
464,1042251.7636413433,1135051.7636413435,0.75454545454545452
466,1042827.9612253199,1136027.9612253199,0.75752949340735598
467,1041488.9670039535,1134888.9670039536,0.75891741845940319
468,1040708.3584016978,1134308.3584016978,0.75239417071478143
469,1041589.4625888935,1135389.4625888935,0.75739070090215133
470,1041706.2740814616,1135706.2740814616,0.76197085357390704
471,1042484.5910126895,1136684.5910126895,0.75503122831367109
472,1042060.2660509009,1136460.2660509008,0.76433032616238727
473,1042914.7070894303,1137514.7070894302,0.76044413601665506
474,1041136.0356189384,1135936.0356189385,0.75975017349063145
475,1042789.8329947711,1137789.8329947712,0.75454545454545452
476,1039131.6105435943,1134331.6105435942,0.759264399722415
477,1040528.844367402,1135928.8443674021,0.75954198473282442
479,1041114.7091258762,1136914.7091258762,0.76204024982650942
478,1039429.6566658905,1135029.6566658905,0.75287994448299789
480,1040264.4140386027,1136264.4140386027,0.7599583622484386
481,1038249.422930191,1134449.422930191,0.75704371963913952
482,1040396.2663362431,1136796.2663362431,0.76571825121443438
483,1042178.5299350676,1138778.5299350675,0.75475364330326167
484,1041065.6648699932,1137865.6648699932,0.75308813324080504
485,1040365.9964532297,1137365.9964532298,0.76433032616238727
486,1040107.2365668154,1137307.2365668155,0.75697432338653714
487,1039188.5023538623,1136588.5023538624,0.74823039555863979
488,1040478.8338688456,1138078.8338688456,0.76301179736294245
489,1040931.9405212032,1138731.9405212032,0.75988896599583622
490,1039007.8063259467,1137007.8063259467,0.76356696738376129
491,1039976.1210910513,1138176.1210910513,0.75523941707147813
493,1037871.892489491,1136471.892489491,0.76009715475364326
492,1037366.4033294581,1135766.4033294581,0.75954198473282442
494,1037946.5841152945,1136746.5841152945,0.75954198473282442
495,1036467.37777568,1135467.37777568,0.75829285218598197
496,1040261.0031395594,1139461.0031395594,0.76363636363636367
497,1039159.6795299758,1138559.6795299756,0.7539208882720333
498,1036834.166805459,1136434.166805459,0.75905621096460796
499,1037187.1764731756,1136987.1764731756,0.75364330326162388
500,1038855.4643289297,1138855.4643289298,0.76141568355308809
501,1035700.1201545179,1135900.1201545179,0.76245662734212349
502,1037224.5819271059,1137624.5819271058,0.75912560721721023
504,1036475.1232673975,1137275.1232673975,0.76238723108952111
503,1035017.4676423598,1135617.4676423599,0.75551700208188755
506,1034694.3674677619,1135894.367467762,0.76412213740458013
505,1037138.0177389397,1138138.0177389397,0.7510756419153366
507,1035170.0992684863,1136570.0992684863,0.75752949340735598
508,1037697.5086532213,1139297.5086532212,0.76120749479528105
509,1033413.9705073894,1135213.9705073894,0.76197085357390704
510,1034688.3333666924,1136688.3333666925,0.76169326856349762
511,1033851.3627508805,1136051.3627508804,0.76162387231089523
512,1035147.8371440077,1137547.8371440077,0.7656488549618321
513,1033832.7319237842,1136432.7319237841,0.75759888965995836
514,1035188.1083145303,1137988.1083145305,0.75905621096460796
515,1034270.0162188071,1137270.0162188071,0.76009715475364326
516,1032607.0855087974,1135807.0855087973,0.76356696738376129
517,1032467.55768126,1135867.5576812602,0.75558639833448993
518,1032080.1824623392,1135680.1824623393,0.76162387231089523
519,1034840.0467110369,1138640.0467110369,0.76072172102706459
520,1033024.4194494537,1137024.4194494537,0.76419153365718251
521,1033999.5545715016,1138199.5545715014,0.76120749479528105
522,1033330.8697517808,1137730.8697517808,0.75933379597501738
524,1033792.9609492678,1138592.9609492677,0.759264399722415
523,1032435.71595941,1137035.71595941,0.76398334489937547
525,1034511.0635678105,1139511.0635678105,0.74968771686328939
526,1033193.2656406412,1138393.2656406411,0.75794587092297017
527,1032088.233481131,1137488.233481131,0.75808466342817493
528,1031801.524398852,1137401.5243988521,0.75981956974323384
529,1033399.0421279427,1139199.0421279427,0.75787647467036778
530,1032249.3444035205,1138249.3444035205,0.75968077723802918
531,1031455.1036678492,1137655.1036678492,0.76176266481609989
532,1032686.4012921748,1139086.4012921748,0.76197085357390704
534,1032105.9728047537,1138905.9728047536,0.75725190839694656
533,1029206.468904912,1135806.468904912,0.75850104094378901
535,1028971.9724768888,1135971.9724768889,0.75759888965995836
536,1029460.561802848,1136660.561802848,0.76016655100624564
537,1030857.9541747083,1138257.9541747083,0.76086051353226924
538,1031109.7634526732,1138709.7634526733,0.76502428868841088
539,1030669.73505914,1138469.73505914,0.75981956974323384
540,1030225.5836880599,1138225.5836880598,0.76259541984732826
541,1029676.3245301965,1137876.3245301964,0.76391394864677309
542,1030144.3473770281,1138544.3473770281,0.76162387231089523
543,1027024.5696621342,1135624.5696621342,0.76079111727966686
544,1028175.8235771818,1136975.8235771819,0.75225537820957666
545,1027918.6219235254,1136918.6219235254,0.75933379597501738
546,1030524.54132042,1139724.5413204199,0.76509368494101315
547,1029551.3520531919,1138951.352053192,0.76009715475364326
548,1029405.5974952462,1139005.5974952462,0.76002775850104098
549,1028655.8400827708,1138455.8400827707,0.76342817487855652
550,1029019.8263942965,1139019.8263942965,0.76682859125607217
551,1029083.0764718371,1139283.0764718372,0.76224843858431646
553,1029513.7538508384,1140113.7538508384,0.75850104094378901
552,1029409.8379125188,1139809.8379125188,0.76467730742539908
554,1028326.0635668096,1139126.0635668095,0.76738376127689101
555,1028131.554620166,1139131.5546201658,0.75954198473282442
556,1029587.7805386913,1140787.7805386912,0.75399028452463568
557,1028459.9202471668,1139859.9202471669,0.76266481609993064
559,1028347.8326610252,1140147.8326610252,0.76294240111034006
558,1027053.958763288,1138653.9587632879,0.76335877862595425
560,1027276.3414561674,1139276.3414561674,0.76439972241498955
561,1025115.2597661114,1137315.2597661114,0.76932685634975706
562,1026076.6994359493,1138476.6994359493,0.76689798750867455
563,1026270.7746885279,1138870.7746885279,0.76252602359472588
565,1026402.4867096468,1139402.4867096469,0.75822345593337959
564,1023416.8702683367,1136216.8702683367,0.76328938237335187
566,1024316.6757090412,1137516.6757090413,0.76224843858431646
567,1025277.7537318259,1138677.7537318259,0.77078417765440665
568,1025844.5773699433,1139444.5773699433,0.76197085357390704
569,1026726.9665955949,1140526.9665955948,0.76321998612074948
571,1026228.3009928295,1140428.3009928295,0.76009715475364326
570,1024311.8047493279,1138311.8047493279,0.76266481609993064
572,1024712.0811081862,1139112.0811081862,0.77244968771686329
573,1023868.2479434779,1138468.2479434779,0.75537820957668289
574,1024563.318546374,1139363.3185463739,0.76169326856349762
575,1022876.6361623614,1137876.6361623614,0.76217904233171407
576,1022985.0664928852,1138185.0664928854,0.76210964607911169
577,1023485.936934885,1138885.9369348851,0.76183206106870227
578,1022484.7943240872,1138084.7943240872,0.75822345593337959
579,1026338.6009866254,1142138.6009866255,0.76502428868841088
580,1025774.4555086502,1141774.4555086503,0.75121443442054125
582,1023575.456534913,1139975.456534913,0.76766134628730054
581,1023511.9293298748,1139711.9293298749,0.75968077723802918
583,1023568.3343915659,1140168.334391566,0.76391394864677309
584,1024140.0243295156,1140940.0243295156,0.7634975711311589
585,1023258.1226620513,1140258.1226620513,0.75357390700902149
586,1022507.5035246183,1139707.5035246182,0.76502428868841088
587,1022240.2026886465,1139640.2026886465,0.75274115197779323
588,1020746.8196326209,1138346.819632621,0.7596113809854268
589,1021742.1694746676,1139542.1694746676,0.76745315752949339
590,1023556.8207800179,1141556.8207800179,0.77078417765440665
591,1022444.3355089885,1140644.3355089885,0.75475364330326167
592,1022169.0953879025,1140569.0953879026,0.76009715475364326
593,1023324.978203549,1141924.978203549,0.7631505898681471
594,1021891.157349802,1140691.1573498021,0.77050659264399723
595,1021827.43904035,1140827.43904035,0.75968077723802918
596,1021103.4068373472,1140303.4068373472,0.75544760582928527
597,1020346.0041751366,1139746.0041751366,0.75829285218598197
598,1020268.5379293467,1139868.5379293468,0.76537126995142257
600,1018347.2519942654,1138347.2519942652,0.7653018736988203
599,1018072.0346434393,1137872.0346434393,0.76176266481609989
601,1019270.5068755267,1139470.5068755266,0.76613462873004856
602,1021890.1031545515,1142290.1031545515,0.76328938237335187
603,1019098.1843891524,1139698.1843891526,0.76321998612074948
604,1019983.5774232079,1140783.5774232079,0.76655100624566275
605,1017633.1788077442,1138633.1788077443,0.76370575988896594
606,1018858.0181195788,1140058.0181195787,0.76689798750867455
607,1019375.0600699725,1140775.0600699726,0.76821651630811938
608,1018123.2425443331,1139723.242544333,0.76176266481609989
610,1019790.0500288653,1141790.0500288652,0.76120749479528105
609,1018094.4036033778,1139894.4036033778,0.76551006245662734
612,1020291.1227003629,1142691.1227003629,0.76238723108952111
611,1019300.0423753164,1141500.0423753164,0.7649548924358085
613,1016005.5151446938,1138605.5151446937,0.75766828591256075
614,1018649.0778083446,1141449.0778083447,0.7684941013185288
615,1017455.3289650356,1140455.3289650357,0.76634281748785571
616,1017282.0135210671,1140482.0135210671,0.75614156835530877
617,1017210.1618985393,1140610.1618985394,0.76516308119361554
618,1015664.4483734978,1139264.4483734979,0.76523247744621792
619,1017991.8964925744,1141791.8964925744,0.7578070784177654
620,1017741.1981690095,1141741.1981690095,0.76426092990978489
621,1016396.3906837811,1140596.3906837811,0.76113809854267866
622,1017292.1469972852,1141692.1469972851,0.75947258848022203
623,1015573.9270742022,1140173.9270742023,0.76613462873004856
624,1016647.0826500781,1141447.082650078,0.76023594725884802
625,1016385.9872260988,1141385.9872260988,0.76474670367800135
626,1017848.464249154,1143048.4642491541,0.76724496877168635
627,1015489.5353812193,1140889.5353812193,0.76544066620402496
628,1017053.3135836459,1142653.313583646,0.76717557251908397
629,1015072.1663554802,1140872.1663554802,0.76391394864677309
631,1013872.905893254,1140072.9058932541,0.76780013879250519
630,1014313.3929734559,1140313.3929734561,0.76918806384455241
632,1015411.1675010031,1141811.167501003,0.76571825121443438
633,1014381.617493549,1140981.6174935489,0.76044413601665506
634,1014251.5420722391,1141051.5420722391,0.7656488549618321
635,1014559.7838231653,1141559.7838231653,0.76585704371963914
637,1012654.393303164,1140054.393303164,0.75877862595419843
636,1014284.4700148272,1141484.4700148273,0.76210964607911169
638,1012602.0385295156,1140202.0385295157,0.76516308119361554
639,1013805.7483002433,1141605.7483002432,0.76051353226925744
640,1014966.2924366475,1142966.2924366475,0.76224843858431646
641,1013437.8255363326,1141637.8255363326,0.75891741845940319
642,1014329.1756242375,1142729.1756242374,0.76433032616238727
643,1014595.5178892718,1143195.517889272,0.76086051353226924
644,1014181.8477940038,1142981.8477940038,0.76183206106870227
645,1010788.7045536037,1139788.7045536037,0.76939625260235944
646,1012128.9615986625,1141328.9615986627,0.76363636363636367
647,1010875.9158916611,1140275.9158916611,0.76079111727966686
648,1012974.7315681679,1142574.7315681679,0.76176266481609989
649,1011666.0415114519,1141466.0415114518,0.75877862595419843
651,1012447.0441253566,1142647.0441253567,0.76585704371963914
650,1013046.7092601268,1143046.7092601268,0.76065232477446221
652,1012202.8483465262,1142602.8483465263,0.77099236641221369
653,1012569.9778351472,1143169.9778351472,0.76578764746703676
654,1009457.336525745,1140257.336525745,0.76377515614156832
655,1011705.7796817479,1142705.7796817478,0.76752255378209577
656,1010786.1459715866,1141986.1459715865,0.7634975711311589
657,1011307.9989773119,1142707.9989773119,0.76509368494101315
658,1012030.4498409949,1143630.449840995,0.7649548924358085
659,1010041.123825109,1141841.1238251091,0.76398334489937547
660,1011950.614431859,1143950.614431859,0.76363636363636367
661,1010095.8786933337,1142295.8786933338,0.76509368494101315
662,1009812.9808552078,1142212.9808552079,0.76710617626648159
663,1011560.93112288,1144160.93112288,0.76745315752949339
665,1009137.7088157217,1142137.7088157218,0.7720333102012491
664,1009402.1049864636,1142202.1049864637,0.76204024982650942
666,1009803.864350796,1143003.864350796,0.76488549618320612
667,1007509.1106719977,1140909.1106719975,0.76467730742539908
668,1008496.1913490841,1142096.191349084,0.76099930603747401
669,1006264.4692171946,1140064.4692171947,0.76953504510756421
670,1010408.4969894693,1144408.4969894693,0.76266481609993064
671,1009225.2243959489,1143425.2243959489,0.76169326856349762
672,1008098.0628592828,1142498.0628592828,0.7666897987508674
673,1010163.6374882254,1144763.6374882255,0.75766828591256075
674,1009532.5637077162,1144332.5637077163,0.76724496877168635
676,1007484.3728773084,1142684.3728773084,0.76585704371963914
675,1009554.2049748832,1144554.2049748832,0.76689798750867455
677,1007990.2659714362,1143390.2659714362,0.76641221374045798
678,1006842.1460840779,1142442.1460840779,0.76273421235253291
679,1007860.3281203237,1143660.3281203238,0.76266481609993064
680,1007441.171263317,1143441.1712633171,0.76197085357390704
681,1007132.7542561928,1143332.7542561928,0.76301179736294245
682,1007104.447171247,1143504.4471712471,0.77217210270645387
683,1008265.7994713096,1144865.7994713096,0.7628036086051353
684,1007158.6330093583,1143958.6330093583,0.76342817487855652
686,1007308.9757769947,1144508.9757769946,0.76953504510756421
685,1007951.5429239247,1144951.5429239247,0.76710617626648159
688,1007511.9775066689,1145111.9775066688,0.76009715475364326
687,1007367.2283417915,1144767.2283417915,0.76398334489937547
689,1006664.4079453114,1144464.4079453114,0.76599583622484391
690,1007416.3040613125,1145416.3040613125,0.76509368494101315
691,1006076.7983710064,1144276.7983710063,0.76037473976405279
692,1005315.6745726765,1143715.6745726764,0.76134628730048581
693,1003435.1150763417,1142035.1150763417,0.77689104788341434
694,1006569.19426983,1145369.1942698299,0.76391394864677309
695,1005596.3466942236,1144596.3466942236,0.75863983344899377
696,1005613.7457643742,1144813.7457643743,0.76759195003469816
698,1004774.5879852999,1144374.5879853,0.76856349757113118
697,1006368.5586435433,1145768.5586435432,0.76384455239417071
699,1005026.0496985316,1144826.0496985316,0.76544066620402496
700,1003857.9049109061,1143857.9049109062,0.76828591256072176
701,1004656.7537774805,1144856.7537774805,0.76176266481609989
702,1002321.7783585354,1142721.7783585354,0.76856349757113118
703,1005923.9193310353,1146523.9193310353,0.75912560721721023
704,1005040.2581259883,1145840.2581259883,0.76204024982650942
705,1004215.4331603226,1145215.4331603227,0.76245662734212349
706,1003041.4265490376,1144241.4265490375,0.76793893129770996
707,1004068.7806333654,1145468.7806333653,0.76821651630811938
708,1002676.1274658017,1144276.1274658018,0.77258848022206805
709,1004583.8727186607,1146383.8727186606,0.76245662734212349
710,1003601.1236857419,1145601.1236857418,0.76995142262317839
711,1002459.9450554188,1144659.9450554186,0.76641221374045798
712,1002664.1329246863,1145064.1329246862,0.76807772380291461
713,1001813.2420678008,1144413.2420678008,0.76335877862595425
714,1003220.6072936532,1146020.6072936533,0.76911866759195002
715,1003092.0001651783,1146092.0001651784,0.77224149895905625
716,1003917.5540526318,1147117.5540526318,0.76648160999306036
717,1001510.107153701,1144910.1071537011,0.76897987508674537
718,1003018.3753617543,1146618.3753617543,0.76738376127689101
719,1003208.1750699413,1147008.1750699412,0.76446911866759193
720,1001823.7445791757,1145823.7445791757,0.76453851492019431
721,1001212.2342238525,1145412.2342238524,0.76856349757113118
723,1002717.2435040218,1147317.2435040218,0.76793893129770996
722,1002329.7535323969,1146729.7535323969,0.76731436502428874
725,1001120.0176377116,1146120.0176377115,0.76738376127689101
724,1003074.354980111,1147874.3549801111,0.76953504510756421
726,1001472.7786063772,1146672.7786063771,0.7656488549618321
727,1000369.4178647052,1145769.4178647052,0.76391394864677309
728,999796.79172049405,1145396.7917204942,0.76995142262317839
729,1000705.7610574156,1146505.7610574155,0.7723802914642609
730,1001262.4730643324,1147262.4730643323,0.76655100624566275
731,999685.8639947843,1145885.8639947842,0.76793893129770996
732,999631.01482851175,1146031.0148285117,0.77022900763358781
733,997822.40319040266,1144422.4031904028,0.77362942401110335
734,999663.99684906239,1146463.9968490624,0.76391394864677309
735,998753.91317838302,1145753.9131783829,0.76460791117279669
737,1000391.662864783,1147791.6628647828,0.76655100624566275
736,998639.16689485579,1145839.1668948559,0.77258848022206805
738,998596.30479759118,1146196.3047975912,0.76502428868841088
739,998199.44204826304,1145999.442048263,0.76557945870922972
740,997175.89761238231,1145175.8976123822,0.76072172102706459
741,996858.46742735221,1145058.4674273522,0.76807772380291461
743,997318.2169918688,1145918.2169918688,0.76752255378209577
742,999525.10003046866,1147925.1000304688,0.76904927133934764
744,996694.0291453026,1145494.0291453027,0.77175572519083968
745,997193.13880657859,1146193.1388065787,0.76058292852185982
746,996589.93619068887,1145789.936190689,0.76988202637057601
747,997044.23535934882,1146444.2353593488,0.76724496877168635
748,998014.96767737041,1147614.9676773704,0.7670367800138792
749,998763.91585376731,1148563.9158537672,0.76238723108952111
750,998223.74756205012,1148223.7475620501,0.76675919500346978
751,997112.00936441391,1147312.009364414,0.76960444136016659
752,996832.00846499403,1147232.0084649939,0.76793893129770996
754,997445.46926609089,1148245.469266091,0.76731436502428874
753,995357.10293527076,1145957.1029352709,0.76710617626648159
755,996384.23591705039,1147384.2359170504,0.76231783483691884
756,994246.55129037134,1145446.5512903715,0.76995142262317839
757,996727.69036391552,1148127.6903639156,0.76988202637057601
758,996358.50342917757,1147958.5034291777,0.77265787647467032
759,996775.59716436069,1148575.5971643608,0.76953504510756421
760,997092.99335074367,1149092.9933507438,0.77217210270645387
761,994349.99104528211,1146549.9910452822,0.77022900763358781
762,996246.5060738686,1148646.5060738686,0.76363636363636367
763,994769.08327060938,1147369.0832706094,0.76467730742539908
764,996510.98911003303,1149310.989110033,0.76939625260235944
765,994882.46532909654,1147882.4653290967,0.7628036086051353
766,993704.08766941028,1146904.0876694103,0.76294240111034006
767,996760.61340659531,1150160.6134065953,0.76557945870922972
768,993945.33069292572,1147545.3306929257,0.77140874392782788
769,992188.37437347951,1145988.3743734795,0.7702984038861902
770,995374.60733215511,1149374.6073321551,0.77140874392782788
772,994782.68992300669,1149182.6899230066,0.7670367800138792
771,992634.88780735095,1146834.8878073511,0.77036780013879247
773,992811.21042724722,1147411.2104272472,0.77057598889659962
774,991395.32976316265,1146195.3297631626,0.7720333102012491
775,993578.28218892962,1148578.2821889296,0.77217210270645387
776,993217.34821591445,1148417.3482159143,0.77022900763358781
777,994392.07212992373,1149792.0721299239,0.77050659264399723
778,993004.10391260486,1148604.103912605,0.77175572519083968
779,993756.66519876081,1149556.6651987608,0.76446911866759193
780,992515.41496751318,1148515.4149675132,0.77751561415683557
782,990662.60434402421,1147062.6043440243,0.7653018736988203
781,994774.36767096096,1150974.367670961,0.7656488549618321
783,992218.87442477187,1148818.8744247719,0.77036780013879247
784,991817.05538821395,1148617.0553882141,0.76835530881332403
785,992248.72077055543,1149248.7207705555,0.76981263011797363
786,990628.02266508143,1147828.0226650815,0.76967383761276886
787,991728.87001016724,1149128.8700101674,0.76391394864677309
788,992325.31525559316,1149925.315255593,0.7634975711311589
789,992643.23906651116,1150443.2390665112,0.76516308119361554
790,990907.99927971279,1148907.9992797128,0.77140874392782788
792,990619.69444124936,1149019.6944412494,0.77272727272727271
791,991047.45579052949,1149247.4557905295,0.77244968771686329
793,991455.34600691707,1150055.3460069171,0.76738376127689101
795,989322.16165579832,1148322.1616557983,0.76502428868841088
794,990903.15648187208,1149703.1564818721,0.76793893129770996
796,991706.6442078338,1150906.6442078338,0.77244968771686329
797,990383.74727343023,1149783.7472734302,0.77043719639139485
798,990851.27344252681,1150451.2734425268,0.76356696738376129
799,989625.90023893153,1149425.9002389316,0.77286606523247747
800,989042.69111049315,1149042.6911104931,0.76613462873004856
801,989995.03841544723,1150195.0384154473,0.77224149895905625
802,989586.5330929046,1149986.5330929046,0.76523247744621792
803,988033.08960598242,1148633.0896059824,0.77335183900069393
804,989803.77420655906,1150603.7742065592,0.7741845940319223
805,989337.8640551971,1150337.8640551972,0.77251908396946567
806,988898.64332081238,1150098.6433208124,0.76856349757113118
807,991585.07292668556,1152985.0729266857,0.76474670367800135
809,989981.49147322774,1151781.4914732277,0.77126995142262322
808,990178.53472875443,1151778.5347287543,0.76960444136016659
810,987480.32641018042,1149480.3264101804,0.77175572519083968
811,988669.40016361454,1150869.4001636147,0.7723802914642609
812,987080.2876083235,1149480.2876083236,0.76904927133934764
813,989044.97197881702,1151644.9719788171,0.77126995142262322
815,987535.67872794985,1150535.67872795,0.76953504510756421
814,990967.31031014246,1153767.3103101426,0.77022900763358781
816,989777.51365410048,1152977.5136541005,0.76863289382373357
817,987084.73164133111,1150484.7316413312,0.76974323386537125
818,988328.6751088741,1151928.6751088742,0.76953504510756421
819,988602.82377563696,1152402.823775637,0.76925746009715479
820,987230.61224543606,1151230.6122454361,0.77536433032616237
821,987653.27940529922,1151853.2794052991,0.7716863289382373
822,987663.5756353566,1152063.5756353566,0.77071478140180427
823,986590.71025262959,1151190.7102526296,0.77362942401110335
824,987475.10598951753,1152275.1059895176,0.77078417765440665
825,987254.51055725536,1152254.5105572552,0.77043719639139485
826,986424.95116622047,1151624.9511662205,0.76863289382373357
827,983895.01769275637,1149295.0176927564,0.76266481609993064
829,986340.962726839,1152140.9627268389,0.76634281748785571
828,986000.68885757518,1151600.6888575752,0.77515614156835533
830,986502.34152676549,1152502.3415267654,0.77619708535739074
831,984170.48005617864,1150370.4800561788,0.77536433032616237
832,984643.30308900715,1151043.3030890073,0.76800832755031223
833,987197.75132166711,1153797.7513216671,0.77335183900069393
834,983855.56508033688,1150655.5650803368,0.77022900763358781
835,985990.22109815851,1152990.2210981585,0.76835530881332403
836,985638.24613907863,1152838.2461390786,0.77730742539902842
837,985691.46986845962,1153091.4698684597,0.77071478140180427
838,984018.91577891179,1151618.9157789117,0.76169326856349762
840,984802.8184918894,1152802.8184918894,0.76807772380291461
839,985578.41271123663,1153378.4127112366,0.76800832755031223
841,984208.08075086458,1152408.0807508645,0.77904233171408743
842,985597.28376175126,1153997.2837617514,0.76210964607911169
843,984882.83161069313,1153482.8316106931,0.77432338653712696
844,983505.24219051155,1152305.2421905114,0.77293546148507986
845,984114.56387183233,1153114.5638718323,0.76620402498265094
846,982973.68461973546,1152173.6846197355,0.77362942401110335
847,984298.25735946803,1153698.2573594679,0.76731436502428874
848,983159.63382098754,1152759.6338209875,0.77321304649548928
850,983010.07887855417,1153010.078878554,0.77376821651630812
849,983270.0039901972,1153070.0039901971,0.77217210270645387
851,983360.58633540571,1153560.5863354057,0.77321304649548928
852,984300.16657091503,1154700.1665709149,0.77425399028452468
853,980194.03875754762,1150794.0387575477,0.77911172796668982
854,981968.93082457117,1152768.9308245713,0.7653018736988203
855,982930.21965897421,1153930.2196589741,0.76509368494101315
856,981374.03216711525,1152574.0321671152,0.76800832755031223
857,981446.93190283456,1152846.9319028347,0.77744621790423318
858,980403.30406315019,1152003.3040631502,0.77071478140180427
860,983008.39027225727,1155008.3902722574,0.76682859125607217
859,983050.12794593454,1154850.1279459344,0.76724496877168635
861,980970.14731969789,1153170.1473196978,0.77473976405274114
862,979669.99970124546,1152069.9997012455,0.77182512144344206
863,981323.39302008727,1153923.3930200874,0.76925746009715479
864,977865.15116267675,1150665.1511626767,0.77009021512838305
865,981259.22583652078,1154259.2258365208,0.77140874392782788
866,983477.92195757886,1156677.921957579,0.77085357390700904
867,980061.6453592208,1153461.6453592209,0.77126995142262322
868,980732.75558951125,1154332.7555895112,0.76974323386537125
870,979059.82069711643,1153059.8206971164,0.77369882026370573
869,980671.73169558193,1154471.7316955819,0.76738376127689101
871,979856.50011721416,1154056.5001172142,0.77446217904233172
872,981257.56606189476,1155657.5660618949,0.77231089521165852
873,980163.40313524462,1154763.4031352447,0.77057598889659962
874,979994.11760283494,1154794.1176028349,0.77730742539902842
875,979920.64064281585,1154920.6406428157,0.76571825121443438
876,979898.25901380635,1155098.2590138065,0.76585704371963914
877,980040.95166639192,1155440.9516663919,0.76877168632893822
878,981077.51538556872,1156677.5153855686,0.76662040249826513
879,979901.95560155658,1155701.9556015567,0.76981263011797363
880,979506.41342235007,1155506.4134223501,0.76863289382373357
881,978571.83609171282,1154771.8360917128,0.77439278278972934
882,979846.19368103542,1156246.1936810354,0.76689798750867455
883,979313.59072212945,1155913.5907221294,0.77605829285218597
884,978105.82142725505,1154905.8214272549,0.77189451769604445
885,977193.70811399759,1154193.7081139977,0.77224149895905625
887,978422.18109488662,1155822.1810948867,0.77765440666204022
886,979301.3568345455,1156501.3568345455,0.76210964607911169
889,976759.2461759561,1154559.246175956,0.76363636363636367
888,977370.93739304657,1154970.9373930464,0.77071478140180427
890,978723.64213234233,1156723.6421323423,0.77106176266481607
891,977046.09956332494,1155246.0995633248,0.77723802914642615
893,978551.73868857801,1157151.7386885779,0.76724496877168635
892,977329.37998720165,1155729.3799872017,0.77793199167244964
894,977185.91250450071,1155985.9125045007,0.77543372657876475
895,978219.33094648598,1157219.330946486,0.76731436502428874
896,976710.93080254633,1155910.9308025464,0.77161693268563503
897,975847.19983349415,1155247.1998334941,0.77015961138098543
898,975536.96597461053,1155136.9659746105,0.77244968771686329
899,977004.51569136395,1156804.515691364,0.7716863289382373
900,976839.86963780341,1156839.8696378034,0.77425399028452468
901,976504.14434794895,1156704.144347949,0.76918806384455241
902,975527.69685901236,1155927.6968590124,0.77904233171408743
903,975616.13748192496,1156216.1374819251,0.77557251908396951
904,975448.42901095119,1156248.4290109512,0.77300485773768213
905,976725.05957359017,1157725.0595735903,0.76870229007633584
906,975597.36678491253,1156797.3667849125,0.77113115891741846
907,977487.85760264285,1158887.8576026428,0.77460097154753649
908,976438.44765236299,1158038.447652363,0.77175572519083968
909,973645.42975774547,1155445.4297577455,0.77286606523247747
910,972905.43362742302,1154905.4336274229,0.7738376127689105
911,975725.04665348923,1157925.0466534891,0.77293546148507986
912,977097.16926330596,1159497.1692633061,0.77231089521165852
913,973485.32282854232,1156085.3228285424,0.77002081887578067
915,973744.06334161235,1156744.0633416125,0.77404580152671754
914,973412.08884975396,1156212.0888497541,0.77446217904233172
916,973710.98728291178,1156910.9872829118,0.77050659264399723
918,971418.33007298352,1155018.3300729836,0.77335183900069393
917,974841.52930965833,1158241.5293096583,0.77744621790423318
919,974992.83493115404,1158792.834931154,0.77279666897987509
920,972562.7876014983,1156562.7876014984,0.76918806384455241
921,973563.30334857991,1157763.3033485799,0.76946564885496183
922,974644.98808381555,1159044.9880838157,0.77515614156835533
923,972853.27290520642,1157453.2729052063,0.7723802914642609
924,971168.97663386539,1155968.9766338654,0.76891047883414299
925,974627.22053693258,1159627.2205369326,0.77342123525329631
926,972233.17423703743,1157433.1742370375,0.77515614156835533
928,971762.82277869666,1157362.8227786967,0.76897987508674537
927,972498.25553921529,1157898.2555392152,0.77106176266481607
929,972282.74310529162,1158082.7431052916,0.77113115891741846
930,972625.61043484742,1158625.6104348474,0.77501734906315056
931,972803.09062354849,1159003.0906235485,0.76675919500346978
932,973331.13415766752,1159731.1341576674,0.77744621790423318
933,972453.7776069222,1159053.7776069222,0.77397640527411515
934,970530.0865244075,1157330.0865244074,0.77314365024288689
935,969730.73208882276,1156730.7320888229,0.76717557251908397
936,971650.11646432604,1158850.1164643262,0.77571131158917417
937,971200.68084677472,1158600.6808467747,0.77439278278972934
938,968519.53250620665,1156119.5325062065,0.77140874392782788
939,971105.57232074207,1158905.5723207421,0.77800138792505202
940,972101.71892158082,1160101.7189215808,0.76578764746703676
941,972689.00139751192,1160889.0013975119,0.76551006245662734
942,970862.9746427983,1159262.9746427983,0.77585010409437893
943,970922.45359570812,1159522.4535957081,0.76752255378209577
944,971855.16152573959,1160655.1615257396,0.77161693268563503
946,971672.85184046987,1160872.85184047,0.76897987508674537
945,970388.15088060196,1159388.150880602,0.77439278278972934
948,969655.75648807513,1159255.756488075,0.77550312283136713
947,970437.51531672513,1159837.5153167252,0.77536433032616237
949,970801.50881003484,1160601.508810035,0.779528105482304
951,970510.04389919271,1160710.0438991927,0.77550312283136713
950,969409.17508601211,1159409.1750860121,0.77342123525329631
952,971635.81734430918,1162035.8173443093,0.77175572519083968
953,968612.30524538481,1159212.3052453848,0.777029840388619
954,969679.9794779626,1160479.9794779625,0.7741845940319223
955,968703.82518025173,1159703.8251802516,0.77716863289382376
956,965849.56691485073,1157049.5669148508,0.77328244274809166
957,969857.4158033377,1161257.4158033377,0.76918806384455241
958,968304.44545675989,1159904.44545676,0.77876474670367801
959,968372.42160145019,1160172.4216014501,0.7777238029146426
960,967556.55917754944,1159556.5591775496,0.77265787647467032
961,967601.47159221477,1159801.4715922149,0.77397640527411515
962,967632.38656337734,1160032.3865633775,0.77591950034698132
963,967047.55463516049,1159647.5546351606,0.77654406662040254
965,968139.93400620972,1161139.9340062097,0.77550312283136713
964,968271.98745243927,1161071.9874524393,0.77487855655794591
966,968710.31873987685,1161910.3187398768,0.77161693268563503
967,965914.80973049742,1159314.8097304974,0.77002081887578067
968,968402.83932546794,1162002.8393254681,0.76974323386537125
969,967295.60762849008,1161095.6076284901,0.77605829285218597
971,967251.26870861603,1161451.268708616,0.77154753643303264
970,967295.12112504477,1161295.1211250448,0.77356002775850108
972,967070.3436793359,1161470.3436793359,0.77578070784177655
973,966049.61481064325,1160649.6148106433,0.78098542678695348
974,966250.93196233443,1161050.9319623346,0.77369882026370573
975,965293.60690029967,1160293.6069002997,0.77807078417765441
977,966500.90857224946,1161900.9085722496,0.77820957668285917
976,967903.13915762387,1163103.139157624,0.76939625260235944
978,963171.51821973582,1158771.5182197359,0.779528105482304
979,965628.0260066858,1161428.0260066858,0.77189451769604445
980,966888.18831927725,1162888.1883192773,0.77890353920888267
981,966091.68018810847,1162291.6801881085,0.7716863289382373
982,965218.41477424011,1161618.41477424,0.77314365024288689
983,966067.54089930409,1162667.5408993042,0.77321304649548928
984,963527.40916108235,1160327.4091610825,0.77508674531575295
985,966528.2697237567,1163528.2697237567,0.77585010409437893
986,966080.34389217,1163280.3438921701,0.77432338653712696
988,965458.18694879895,1163058.1869487991,0.77397640527411515
987,964706.53860450501,1162106.5386045049,0.77640527411519777
989,964562.12097355782,1162362.1209735577,0.77591950034698132
990,964919.00336375786,1162919.0033637579,0.77619708535739074
992,964857.63179812639,1163257.6317981263,0.7773768216516308
991,964751.76727111696,1162951.7672711168,0.7716863289382373
993,962864.44108063413,1161464.441080634,0.77446217904233172
994,964994.41996659036,1163794.4199665904,0.77210270645385148
995,965032.98980571271,1164032.9898057128,0.77335183900069393
996,963028.23356139893,1162228.2335613989,0.77612768910478835
998,963086.87217182131,1162686.8721718213,0.76918806384455241
997,964391.75418789941,1163791.7541878994,0.76634281748785571
999,962817.65915066947,1162617.6591506694,0.77585010409437893
1000,961444.10783837759,1161444.1078383776,0.77654406662040254
1002,962668.08309803216,1163068.083098032,0.77279666897987509
1001,961912.36946582794,1162112.3694658279,0.77078417765440665
1003,964612.80297701736,1165212.8029770174,0.77404580152671754
1004,962101.23471086449,1162901.2347108645,0.77779319916724499
1005,964258.97672629461,1165258.9767262945,0.77550312283136713
1006,962307.81214869139,1163507.8121486914,0.77661346287300481
1007,962255.37784050812,1163655.3778405082,0.77085357390700904
1008,962856.27860291128,1164456.2786029112,0.77501734906315056
1009,959940.57659883751,1161740.5765988375,0.77654406662040254
1010,962921.09499546594,1164921.0949954661,0.77376821651630812
1011,960125.6575269379,1162325.6575269378,0.7741845940319223
1012,960976.7921598315,1163376.7921598316,0.78181818181818186
1013,960958.45240455784,1163558.4524045577,0.77217210270645387
1014,961495.76633687853,1164295.7663368785,0.77154753643303264
1015,962043.63670046336,1165043.6367004635,0.7798750867453158
1016,962787.57243120717,1165987.5724312072,0.77682165163081196
1017,961686.32864810887,1165086.328648109,0.77362942401110335
1019,962252.82586555055,1166052.8258655504,0.77786259541984737
1018,962281.02882463555,1165881.0288246355,0.76793893129770996
1020,960837.71303278243,1164837.7130327825,0.77612768910478835
1021,960178.15647755389,1164378.1564775538,0.77022900763358781
1022,960814.78879688529,1165214.7887968854,0.77640527411519777
1023,958891.5758253138,1163491.5758253138,0.77668285912560719
1024,961535.79430382117,1166335.7943038212,0.77314365024288689
1025,959430.07290611858,1164430.0729061186,0.77265787647467032
1026,959727.79197189515,1164927.7919718951,0.77661346287300481
1027,959562.16254796484,1164962.1625479648,0.77723802914642615
1029,959334.23747675365,1165134.2374767535,0.77071478140180427
1028,958544.9059456489,1164144.9059456489,0.77356002775850108
1030,958655.89667698485,1164655.8966769848,0.77605829285218597
1031,960192.93308202666,1166392.9330820267,0.78202637057598889
1033,958701.0119227051,1165301.011922705,0.77938931297709924
1032,960111.79029322509,1166511.7902932251,0.77265787647467032
1034,961096.42243377946,1167896.4224337796,0.77800138792505202
1035,957516.46672225068,1164516.4667222507,0.77522553782095771
1036,958638.6930007746,1165838.6930007746,0.77557251908396951
1037,958015.22573282174,1165415.2257328217,0.77925052047189447
1038,956574.75128428312,1164174.7512842831,0.77508674531575295
1039,958095.46412755491,1165895.464127555,0.77231089521165852
1040,957117.66667713318,1165117.6666771332,0.77397640527411515
1042,958512.8625263198,1166912.8625263199,0.78036086051353226
1041,958777.18773309828,1166977.1877330984,0.77251908396946567
1043,958440.60621915327,1167040.6062191534,0.78299791811242192
1044,957331.30727764755,1166131.3072776475,0.77598889659958359
1045,957020.87989575102,1166020.8798957509,0.77043719639139485
1047,957798.37115997972,1167198.3711599796,0.77189451769604445
1046,957913.4632527685,1167113.4632527684,0.77362942401110335
1048,956187.74186440487,1165787.7418644049,0.77043719639139485
1049,957207.46946447785,1167007.4694644779,0.78181818181818186
1050,956938.83500239276,1166938.8350023928,0.77446217904233172
1051,955080.56025169522,1165280.5602516951,0.78098542678695348
1052,955347.54454369249,1165747.5445436924,0.77140874392782788
1053,958341.37041366845,1168941.3704136685,0.77487855655794591
1054,955819.29504917003,1166619.29504917,0.77647467036780016
1055,957831.41978982615,1168831.419789826,0.7788341429562804
1056,956538.36924141168,1167738.3692414118,0.77480916030534353
1057,956259.75050903205,1167659.750509032,0.7805690492713393
1058,957384.95470631693,1168984.9547063168,0.77251908396946567
1060,954486.17298999149,1166486.1729899915,0.77876474670367801
1059,956859.77875969373,1168659.7787596937,0.77501734906315056
1061,957456.85625171824,1169656.8562517182,0.78036086051353226
1062,957305.04946538771,1169705.0494653876,0.77675225537820958
1063,956462.75549951824,1169062.7554995182,0.78202637057598889
1064,956618.13922057184,1169418.1392205718,0.77591950034698132
1065,954923.26275956293,1167923.262759563,0.77071478140180427
1066,954819.49026478885,1168019.4902647887,0.77251908396946567
1067,955724.09770663688,1169124.0977066369,0.78126301179736291
1068,953493.13104659854,1167093.1310465985,0.78036086051353226
1069,956089.05292473501,1169889.052924735,0.77807078417765441
1070,955091.13897446042,1169091.1389744603,0.77869535045107563
1071,954069.76533046667,1168269.7653304667,0.77765440666204022
1072,953589.94588983827,1167989.9458898383,0.77820957668285917
1073,953985.27206930344,1168585.2720693033,0.77432338653712696
1075,951667.81573382427,1166667.8157338244,0.77890353920888267
1074,953837.1283948333,1168637.1283948333,0.78077723802914645
1076,953832.98553675378,1169032.9855367537,0.77446217904233172
1078,952946.74217342539,1168546.7421734254,0.77820957668285917
1077,953224.72585406539,1168624.7258540653,0.77182512144344206
1080,954187.96062426199,1170187.960624262,0.77633587786259539
1081,949987.66899252799,1166187.668992528,0.77911172796668982
1079,953821.85708270944,1169621.8570827094,0.77307425399028451
1082,951500.58417121612,1167900.584171216,0.78251214434420546
1083,951979.10986740817,1168579.1098674082,0.78563497571131158
1084,954304.44235523022,1171104.4423552302,0.7791811242192922
1085,951470.95144717791,1168470.9514471779,0.779528105482304
1086,953219.92949513765,1170419.9294951377,0.77189451769604445
1087,954071.67507161526,1171471.6750716153,0.77557251908396951
1088,951908.43668425933,1169508.4366842592,0.77682165163081196
1089,950859.87197679118,1168659.8719767912,0.77557251908396951
1090,949919.64707557752,1167919.6470755776,0.779528105482304
1091,952435.87927914993,1170635.8792791499,0.77758501040943784
1092,951753.67785450199,1170153.6778545021,0.78320610687022896
1093,951778.99268621719,1170378.9926862172,0.77446217904233172
1094,951671.84172977821,1170471.8417297783,0.77779319916724499
1095,951332.0034129665,1170332.0034129666,0.78285912560721727
1096,951644.74035394692,1170844.740353947,0.77682165163081196
1097,951928.61980297382,1171328.6198029737,0.77536433032616237
1098,952063.85733678087,1171663.857336781,0.77591950034698132
1099,951245.40647203627,1171045.4064720361,0.77807078417765441
1101,953018.60696909949,1173218.6069690995,0.78202637057598889
